use tp_final_siu_guarani;

INSERT INTO Personas (nombre, apellido, dni) VALUES 
('Juan', 'Perez', 12434567),
('Maria', 'Gomez', 23456781),
('Carlos', 'Rodriguez', 34567892),
('Ana', 'Fernandez', 45678903),
('Luis', 'Lopez', 56789014),
('Laura', 'Martinez', 67890125),
('Jose', 'Garcia', 78901236),
('Marta', 'Sanchez', 89012347),
('Pedro', 'Martin', 90123458),
('Sofia', 'Jimenez', 11234566),
('Diego', 'Ruiz', 12334567),
('Natalia', 'Hernandez', 23445678),
('Sergio', 'Diaz', 34556789),
('Andrea', 'Torres', 45667890),
('Fernando', 'Vazquez', 56778901),
('Lucia', 'Ramos', 67889012),
('Alberto', 'Moreno', 78990123),
('Patricia', 'Romero', 89001234),
('Roberto', 'Gutierrez', 90112345),
('Daniela', 'Navarro', 11223456),
('Miguel', 'Molina', 12344567),
('Veronica', 'Castro', 23455678),
('Javier', 'Ortiz', 34566789),
('Claudia', 'Medina', 45677890),
('Ricardo', 'Silva', 56788901),
('Manuel', 'Castillo', 65432101),
('Carmen', 'Gimenez', 54321092),
('Eduardo', 'Mendez', 43210983),
('Gloria', 'Ramirez', 32109874),
('Hector', 'Ortega', 21098765),
('Julia', 'Sosa', 98765432),
('Oscar', 'Santana', 87654321),
('Susana', 'Blanco', 76543210),
('Victor', 'Alvarez', 65432192),
('Adriana', 'Rivera', 54321281),
('Gustavo', 'Pinto', 43210372),
('Isabel', 'Escobar', 32109462),
('Raul', 'Guerrero', 21098553),
('Teresa', 'Vera', 98765444),
('Roberto', 'Luna', 87654335),
('Vanesa', 'Mora', 76543226),
('Ernesto', 'Gil', 65432111),
('Florencia', 'Ibanez', 54321022),
('Ramiro', 'Vargas', 43210039),
('Silvia', 'Cabrera', 32109143),
('Marcos', 'Pena', 21098254),
('Elena', 'Paredes', 98765336),
('Jorge', 'Rojas', 87654277),
('Paula', 'Herrera', 76543188),
('Nicolas', 'Aguirre', 65432125);

INSERT INTO Alumnos (matricula, dni_persona) VALUES 
('A-A12345', 12434567),
('A-B23456', 23456781),
('A-C34567', 34567892),
('A-D45678', 45678903),
('A-E56789', 56789014),
('A-F67890', 67890125),
('A-G78901', 78901236),
('A-H89012', 89012347),
('A-I90123', 90123458),
('A-J01234', 11234566),
('A-K12345', 12334567),
('A-L23456', 23445678),
('A-M34567', 34556789),
('A-N45678', 45667890),
('A-O56789', 56778901),
('A-P67890', 67889012),
('A-Q78901', 78990123),
('A-R89012', 89001234),
('A-S90123', 90112345),
('A-T01234', 11223456),
('A-U12345', 12344567),
('A-V23456', 23455678),
('A-W34567', 34566789),
('A-X45678', 45677890),
('A-Y56789', 56788901);

INSERT INTO Docentes (matricula, cuil, dni_persona) VALUES 
('D-A12345', 20654321011, 65432101),
('D-B23456', 27543210922, 54321092),
('D-C34567', 20432109833, 43210983),
('D-D45678', 27321098744, 32109874),
('D-E56789', 20210987655, 21098765),
('D-F67890', 27987654326, 98765432),
('D-G78901', 20876543217, 87654321),
('D-H89012', 27765432108, 76543210),
('D-I90123', 20654321929, 65432192),
('D-J01234', 27543212810, 54321281),
('D-K12345', 20432103721, 43210372),
('D-L23456', 27321094622, 32109462),
('D-M34567', 20210985533, 21098553),
('D-N45678', 27987654444, 98765444),
('D-O56789', 20876543355, 87654335),
('D-P67890', 27765432266, 76543226),
('D-Q78901', 20654321117, 65432111),
('D-R89012', 27543210228, 54321022),
('D-S90123', 20432100399, 43210039),
('D-T01234', 27321091430, 32109143),
('D-U12345', 20210982541, 21098254),
('D-V23456', 27987653362, 98765336),
('D-W34567', 20876542773, 87654277),
('D-X45678', 27765431884, 76543188),
('D-Y56789', 20654321255, 65432125);

insert into edificios (nombre) values
('Jose Hernandez'),
('Comedor Universitario Padre Mujica'),
('Estudio de Grabacion E. S. Discepolo'),
('Lola Mora'),
('Hernandez Arregui'),
('Gimnasio Comunitario Gatica'),
('Quincho Roberto Fontanarrosa'),
('Juana Manso'),
('Inadi'),
('Campo de deportes Delfo Cabrera'),
('Irna Laciar de Carrica'),
('Leonardo Werthein'),
('Oscar Varsavsky'),
('Jardin Maternal A. Villaflor'),
('Hector Oesterheld'),
('Cine Tita Merello'),
('Casa del Estudiante'),
('Lisandro de la Torre'),
('Macedonio Fernandez'),
('Raul Scalabrini Ortiz'),
('Arturo Jauretche'),
('Manuel Ugarte'),
('Homero Manzi'),
('Ortega Pena'),
('Leopoldo Marechal'),
('Juana Azurduy'),
('Pascual Contursi'),
('Nestor Kirchner');

insert into departamentos (nombre, edificios_id) values
('Desarrollo Productivo y Tecnologico', 1),
('Humanidades y Artes', 25),
('Planificacion y Politicas Publicas', 14),
('Salud Comunitaria', 22);

INSERT INTO Carreras (nombre, departamentos_id) VALUES
('Licenciatura en Economia', 4),
('Ingenieria en Informatica', 3),
('Licenciatura en Administracion', 1),
('Ingenieria Industrial', 2),
('Licenciatura en Ciencias Ambientales', 1),
('Licenciatura en Comunicacion Social', 3),
('Licenciatura en Diseno de Comunicacion Visual', 4),
('Licenciatura en Educacion', 2),
('Ingenieria en Electronica', 3),
('Ingenieria en Sistemas de Informacion', 2);

insert into Materias (nombre) values 
('Matematica I'),
('Introduccion a la Economia'),
('Algoritmos y Programacion'),
('Contabilidad I'),
('Fisica I'),
('Programacion Avanzada'),
('Estadistica'),
('Microeconomia'),
('Economia Internacional'),
('Algebra Lineal'),
('Ingles I'),
('Gestion Empresarial'),
('Derecho Empresarial'),
('Macroeconomia'),
('Fisica II'),
('Probabilidad y Estadistica'),
('Base de Datos'),
('Econometria'),
('Matematica Financiera'),
('Historia Economica'),
('Teoria de Juegos'),
('Economia del Desarrollo'),
('Finanzas Corporativas'),
('Econometria Avanzada'),
('Sociologia Economica');

insert into planes_de_estudios (carreras_id, materias_id) values 
(1, 1), (1, 2), (1, 3), (1, 4), (1, 5),
(2, 6), (2, 7), (2, 8), (2, 9), (2, 10),
(3, 11), (3, 12), (3, 13), (3, 14), (3, 15),
(4, 16), (4, 17), (4, 18), (4, 19), (4, 20),
(5, 21), (5, 22), (5, 23), (5, 24), (5, 25);

insert into turnos (turno) values
('TM'),
('TT'),
('TN');

INSERT INTO aulas (numero, edificios_id) VALUES
(12, 15),
(5, 22),
(18, 10),
(9, 4),
(3, 19),
(7, 11),
(20, 8),
(14, 26),
(6, 2),
(10, 23),
(17, 12),
(2, 16),
(16, 1),
(8, 24),
(11, 5),
(4, 20),
(19, 14),
(13, 6),
(1, 25),
(15, 3),
(12, 21),
(5, 7),
(18, 17),
(9, 13),
(3, 18);

insert into modalidades (tipo) values
('Presencial'),
('Virtual Sincronica'),
('Virtual Asincronica'),
('Mixta');

INSERT INTO contactos (email, telefono, personas_dni) VALUES
('juanperez@example.com', 12345678, 12434567),
('juanperez@mail.com', 23456789, 12434567),
('mariagomez@example.com', 34567890, 23456781),
('carlosrodriguez@example.com', 45678901, 34567892),
('anafernandez@example.com', 56789012, 45678903),
('luislopez@example.com', 67890123, 56789014),
('lauramartinez@example.com', 78901234, 67890125),
('josegarcia@example.com', 89012345, 78901236),
('martasanchez@example.com', 90123456, 89012347),
('pedromartin@example.com', 10234567, 90123458),
('sofiajimenez@example.com', 21345678, 11234566),
('diegoruiz@example.com', 32456789, 12334567),
('nataliahernandez@example.com', 43567890, 23445678),
('sergiodiaz@example.com', 54678901, 34556789),
('andreatorres@example.com', 65789012, 45667890),
('fernandovazquez@example.com', 76890123, 56778901),
('luciaramos@example.com', 87901234, 67889012),
('albertomoreno@mail.com', 89012345, 78990123),
('patriciaromero@example.com', 90123456, 89001234),
('robertogutierrez@example.com', 12345678, 90112345),
('danielanavarro@mail.com', 23456789, 11223456),
('miguelmolina@example.com', 34567890, 12344567),
('veronicacastro@mail.com', 45678901, 23455678),
('javierortiz@example.com', 56789012, 34566789),
('claudiamedina@mail.com', 67890123, 45677890),
('ricardosilva@example.com', 78901234, 56788901),
('manuelcastillo@example.com', 89012345, 65432101),
('carmengimenez@example.com', 90123456, 54321092),
('eduardomendez@mail.com', 12345678, 43210983),
('gloriaramirez@example.com', 23456789, 32109874),
('hectorortega@mail.com', 34567890, 21098765),
('juliasosa@example.com', 45678901, 98765432),
('oscarsantana@mail.com', 56789012, 87654321);

INSERT INTO legajos (carreras_id, alumnos_matricula) VALUES
(FLOOR(RAND() * 10) + 1, 'A-A12345'),
(FLOOR(RAND() * 10) + 1, 'A-B23456'),
(FLOOR(RAND() * 10) + 1, 'A-C34567'),
(FLOOR(RAND() * 10) + 1, 'A-D45678'),
(FLOOR(RAND() * 10) + 1, 'A-E56789'),
(FLOOR(RAND() * 10) + 1, 'A-F67890'),
(FLOOR(RAND() * 10) + 1, 'A-G78901'),
(FLOOR(RAND() * 10) + 1, 'A-H89012'),
(FLOOR(RAND() * 10) + 1, 'A-I90123'),
(FLOOR(RAND() * 10) + 1, 'A-J01234'),
(FLOOR(RAND() * 10) + 1, 'A-K12345'),
(FLOOR(RAND() * 10) + 1, 'A-L23456'),
(FLOOR(RAND() * 10) + 1, 'A-M34567'),
(FLOOR(RAND() * 10) + 1, 'A-N45678'),
(FLOOR(RAND() * 10) + 1, 'A-O56789'),
(FLOOR(RAND() * 10) + 1, 'A-P67890'),
(FLOOR(RAND() * 10) + 1, 'A-Q78901'),
(FLOOR(RAND() * 10) + 1, 'A-R89012'),
(FLOOR(RAND() * 10) + 1, 'A-S90123'),
(FLOOR(RAND() * 10) + 1, 'A-T01234'),
(FLOOR(RAND() * 10) + 1, 'A-U12345'),
(FLOOR(RAND() * 10) + 1, 'A-V23456'),
(FLOOR(RAND() * 10) + 1, 'A-W34567'),
(FLOOR(RAND() * 10) + 1, 'A-X45678'),
(FLOOR(RAND() * 10) + 1, 'A-Y56789'),
(FLOOR(RAND() * 10) + 1, 'A-A12345'),
(FLOOR(RAND() * 10) + 1, 'A-B23456'),
(FLOOR(RAND() * 10) + 1, 'A-C34567'),
(FLOOR(RAND() * 10) + 1, 'A-D45678'),
(FLOOR(RAND() * 10) + 1, 'A-E56789'),
(FLOOR(RAND() * 10) + 1, 'A-F67890'),
(FLOOR(RAND() * 10) + 1, 'A-G78901'),
(FLOOR(RAND() * 10) + 1, 'A-H89012'),
(FLOOR(RAND() * 10) + 1, 'A-I90123'),
(FLOOR(RAND() * 10) + 1, 'A-J01234'),
(FLOOR(RAND() * 10) + 1, 'A-K12345'),
(FLOOR(RAND() * 10) + 1, 'A-L23456'),
(FLOOR(RAND() * 10) + 1, 'A-M34567'),
(FLOOR(RAND() * 10) + 1, 'A-N45678'),
(FLOOR(RAND() * 10) + 1, 'A-O56789'),
(FLOOR(RAND() * 10) + 1, 'A-P67890'),
(FLOOR(RAND() * 10) + 1, 'A-Q78901'),
(FLOOR(RAND() * 10) + 1, 'A-R89012'),
(FLOOR(RAND() * 10) + 1, 'A-S90123'),
(FLOOR(RAND() * 10) + 1, 'A-T01234'),
(FLOOR(RAND() * 10) + 1, 'A-U12345'),
(FLOOR(RAND() * 10) + 1, 'A-V23456'),
(FLOOR(RAND() * 10) + 1, 'A-W34567'),
(FLOOR(RAND() * 10) + 1, 'A-X45678'),
(FLOOR(RAND() * 10) + 1, 'A-Y56789'),
(FLOOR(RAND() * 10) + 1, 'A-X45678'),
(FLOOR(RAND() * 10) + 1, 'A-Y56789');

INSERT INTO correlatividades (id_materia, id_materia1) VALUES
(1, 2),
(3, 4),
(5, 6),
(7, 8),
(9, 10),
(11, 12),
(13, 14),
(15, 16),
(17, 18),
(19, 20),
(21, 22),
(23, 24),
(2, 5),
(4, 7),
(6, 9),
(8, 11),
(10, 13),
(12, 15),
(14, 17),
(16, 19),
(18, 21),
(20, 23),
(22, 1),
(24, 3),
(25, 2);

INSERT INTO comisiones (cuil_docente, id_materia) VALUES
(20654321031, FLOOR(RAND() * 25) + 1),
(27543210922, FLOOR(RAND() * 25) + 1),
(20432109833, FLOOR(RAND() * 25) + 1),
(27321098744, FLOOR(RAND() * 25) + 1),
(20210987655, FLOOR(RAND() * 25) + 1),
(27987654366, FLOOR(RAND() * 25) + 1),
(20876543277, FLOOR(RAND() * 25) + 1),
(27765432188, FLOOR(RAND() * 25) + 1),
(20654321999, FLOOR(RAND() * 25) + 1),
(27543212800, FLOOR(RAND() * 25) + 1),
(20432103711, FLOOR(RAND() * 25) + 1),
(27321094622, FLOOR(RAND() * 25) + 1),
(20210985533, FLOOR(RAND() * 25) + 1),
(27987654444, FLOOR(RAND() * 25) + 1),
(20876543355, FLOOR(RAND() * 25) + 1),
(27765432266, FLOOR(RAND() * 25) + 1),
(20654321117, FLOOR(RAND() * 25) + 1),
(27543210228, FLOOR(RAND() * 25) + 1),
(20432100339, FLOOR(RAND() * 25) + 1),
(27321091440, FLOOR(RAND() * 25) + 1),
(20210982551, FLOOR(RAND() * 25) + 1),
(27987653362, FLOOR(RAND() * 25) + 1),
(20876542773, FLOOR(RAND() * 25) + 1),
(27765431884, FLOOR(RAND() * 25) + 1),
(20654321215, FLOOR(RAND() * 25) + 1);

INSERT INTO horarios (inicio, fin, turnos_id) VALUES
('2024-06-14 08:00:00', '2024-06-14 10:00:00', 1),
('2024-06-15 09:00:00', '2024-06-15 11:00:00', 1),
('2024-06-16 14:00:00', '2024-06-16 16:00:00', 2),
('2024-06-17 16:00:00', '2024-06-17 18:00:00', 2),
('2024-06-18 19:00:00', '2024-06-18 21:00:00', 3),
('2024-06-19 20:00:00', '2024-06-19 22:00:00', 3),
('2024-06-20 07:00:00', '2024-06-20 09:00:00', 1),
('2024-06-21 13:00:00', '2024-06-21 15:00:00', 2),
('2024-06-22 15:00:00', '2024-06-22 17:00:00', 2),
('2024-06-23 18:00:00', '2024-06-23 20:00:00', 3);

INSERT INTO cursadas (nota, horarios_id, modalidades_id, comisiones_cuil_docente, comisiones_id_materia, aulas_id) VALUES
(FLOOR(RAND() * 10) + 1, FLOOR(RAND() * 10) + 1, FLOOR(RAND() * 4) + 1, 20654321031, FLOOR(RAND() * 25) + 1, FLOOR(RAND() * 25) + 1),
(FLOOR(RAND() * 10) + 1, FLOOR(RAND() * 10) + 1, FLOOR(RAND() * 4) + 1, 27543210922, FLOOR(RAND() * 25) + 1, FLOOR(RAND() * 25) + 1),
(FLOOR(RAND() * 10) + 1, FLOOR(RAND() * 10) + 1, FLOOR(RAND() * 4) + 1, 20432109833, FLOOR(RAND() * 25) + 1, FLOOR(RAND() * 25) + 1),
(FLOOR(RAND() * 10) + 1, FLOOR(RAND() * 10) + 1, FLOOR(RAND() * 4) + 1, 27321098744, FLOOR(RAND() * 25) + 1, FLOOR(RAND() * 25) + 1),
(FLOOR(RAND() * 10) + 1, FLOOR(RAND() * 10) + 1, FLOOR(RAND() * 4) + 1, 20210987655, FLOOR(RAND() * 25) + 1, FLOOR(RAND() * 25) + 1),
(FLOOR(RAND() * 10) + 1, FLOOR(RAND() * 10) + 1, FLOOR(RAND() * 4) + 1, 27987654366, FLOOR(RAND() * 25) + 1, FLOOR(RAND() * 25) + 1),
(FLOOR(RAND() * 10) + 1, FLOOR(RAND() * 10) + 1, FLOOR(RAND() * 4) + 1, 20876543277, FLOOR(RAND() * 25) + 1, FLOOR(RAND() * 25) + 1),
(FLOOR(RAND() * 10) + 1, FLOOR(RAND() * 10) + 1, FLOOR(RAND() * 4) + 1, 27765432188, FLOOR(RAND() * 25) + 1, FLOOR(RAND() * 25) + 1),
(FLOOR(RAND() * 10) + 1, FLOOR(RAND() * 10) + 1, FLOOR(RAND() * 4) + 1, 20654321999, FLOOR(RAND() * 25) + 1, FLOOR(RAND() * 25) + 1),
(FLOOR(RAND() * 10) + 1, FLOOR(RAND() * 10) + 1, FLOOR(RAND() * 4) + 1, 27543212800, FLOOR(RAND() * 25) + 1, FLOOR(RAND() * 25) + 1),
(FLOOR(RAND() * 10) + 1, FLOOR(RAND() * 10) + 1, FLOOR(RAND() * 4) + 1, 20432103711, FLOOR(RAND() * 25) + 1, FLOOR(RAND() * 25) + 1),
(FLOOR(RAND() * 10) + 1, FLOOR(RAND() * 10) + 1, FLOOR(RAND() * 4) + 1, 27321094622, FLOOR(RAND() * 25) + 1, FLOOR(RAND() * 25) + 1),
(FLOOR(RAND() * 10) + 1, FLOOR(RAND() * 10) + 1, FLOOR(RAND() * 4) + 1, 20210985533, FLOOR(RAND() * 25) + 1, FLOOR(RAND() * 25) + 1),
(FLOOR(RAND() * 10) + 1, FLOOR(RAND() * 10) + 1, FLOOR(RAND() * 4) + 1, 27987654444, FLOOR(RAND() * 25) + 1, FLOOR(RAND() * 25) + 1),
(FLOOR(RAND() * 10) + 1, FLOOR(RAND() * 10) + 1, FLOOR(RAND() * 4) + 1, 20876543355, FLOOR(RAND() * 25) + 1, FLOOR(RAND() * 25) + 1),
(FLOOR(RAND() * 10) + 1, FLOOR(RAND() * 10) + 1, FLOOR(RAND() * 4) + 1, 27765432266, FLOOR(RAND() * 25) + 1, FLOOR(RAND() * 25) + 1),
(FLOOR(RAND() * 10) + 1, FLOOR(RAND() * 10) + 1, FLOOR(RAND() * 4) + 1, 20654321117, FLOOR(RAND() * 25) + 1, FLOOR(RAND() * 25) + 1),
(FLOOR(RAND() * 10) + 1, FLOOR(RAND() * 10) + 1, FLOOR(RAND() * 4) + 1, 27543210228, FLOOR(RAND() * 25) + 1, FLOOR(RAND() * 25) + 1),
(FLOOR(RAND() * 10) + 1, FLOOR(RAND() * 10) + 1, FLOOR(RAND() * 4) + 1, 20432100339, FLOOR(RAND() * 25) + 1, FLOOR(RAND() * 25) + 1),
(FLOOR(RAND() * 10) + 1, FLOOR(RAND() * 10) + 1, FLOOR(RAND() * 4) + 1, 27321091440, FLOOR(RAND() * 25) + 1, FLOOR(RAND() * 25) + 1),
(FLOOR(RAND() * 10) + 1, FLOOR(RAND() * 10) + 1, FLOOR(RAND() * 4) + 1, 20210982551, FLOOR(RAND() * 25) + 1, FLOOR(RAND() * 25) + 1),
(FLOOR(RAND() * 10) + 1, FLOOR(RAND() * 10) + 1, FLOOR(RAND() * 4) + 1, 27987653362, FLOOR(RAND() * 25) + 1, FLOOR(RAND() * 25) + 1),
(FLOOR(RAND() * 10) + 1, FLOOR(RAND() * 10) + 1, FLOOR(RAND() * 4) + 1, 20876542773, FLOOR(RAND() * 25) + 1, FLOOR(RAND() * 25) + 1),
(FLOOR(RAND() * 10) + 1, FLOOR(RAND() * 10) + 1, FLOOR(RAND() * 4) + 1, 27765431884, FLOOR(RAND() * 25) + 1, FLOOR(RAND() * 25) + 1),
(FLOOR(RAND() * 10) + 1, FLOOR(RAND() * 10) + 1, FLOOR(RAND() * 4) + 1, 20654321215, FLOOR(RAND() * 25) + 1, FLOOR(RAND() * 25) + 1);

INSERT INTO examenes_finales (nota, comisiones_cuil_docente, comisiones_id_materia) VALUES
(FLOOR(RAND() * 10) + 1, 20654321031, FLOOR(RAND() * 25) + 1),
(FLOOR(RAND() * 10) + 1, 27543210922, FLOOR(RAND() * 25) + 1),
(FLOOR(RAND() * 10) + 1, 20432109833, FLOOR(RAND() * 25) + 1),
(FLOOR(RAND() * 10) + 1, 27321098744, FLOOR(RAND() * 25) + 1),
(FLOOR(RAND() * 10) + 1, 20210987655, FLOOR(RAND() * 25) + 1),
(FLOOR(RAND() * 10) + 1, 27987654366, FLOOR(RAND() * 25) + 1),
(FLOOR(RAND() * 10) + 1, 20876543277, FLOOR(RAND() * 25) + 1),
(FLOOR(RAND() * 10) + 1, 27765432188, FLOOR(RAND() * 25) + 1),
(FLOOR(RAND() * 10) + 1, 20654321999, FLOOR(RAND() * 25) + 1),
(FLOOR(RAND() * 10) + 1, 27543212800, FLOOR(RAND() * 25) + 1),
(FLOOR(RAND() * 10) + 1, 20432103711, FLOOR(RAND() * 25) + 1),
(FLOOR(RAND() * 10) + 1, 27321094622, FLOOR(RAND() * 25) + 1),
(FLOOR(RAND() * 10) + 1, 20210985533, FLOOR(RAND() * 25) + 1),
(FLOOR(RAND() * 10) + 1, 27987654444, FLOOR(RAND() * 25) + 1),
(FLOOR(RAND() * 10) + 1, 20876543355, FLOOR(RAND() * 25) + 1),
(FLOOR(RAND() * 10) + 1, 27765432266, FLOOR(RAND() * 25) + 1),
(FLOOR(RAND() * 10) + 1, 20654321117, FLOOR(RAND() * 25) + 1),
(FLOOR(RAND() * 10) + 1, 27543210228, FLOOR(RAND() * 25) + 1),
(FLOOR(RAND() * 10) + 1, 20432100339, FLOOR(RAND() * 25) + 1),
(FLOOR(RAND() * 10) + 1, 27321091440, FLOOR(RAND() * 25) + 1),
(FLOOR(RAND() * 10) + 1, 20210982551, FLOOR(RAND() * 25) + 1),
(FLOOR(RAND() * 10) + 1, 27987653362, FLOOR(RAND() * 25) + 1),
(FLOOR(RAND() * 10) + 1, 20876542773, FLOOR(RAND() * 25) + 1),
(FLOOR(RAND() * 10) + 1, 27765431884, FLOOR(RAND() * 25) + 1),
(FLOOR(RAND() * 10) + 1, 20654321215, FLOOR(RAND() * 25) + 1);

INSERT INTO examenes_finales_alumnos (examenes_finales_id, alumnos_matricula) VALUES
(FLOOR(RAND() * 25) + 1, 'A-A12345'),
(FLOOR(RAND() * 25) + 1, 'A-B23456'),
(FLOOR(RAND() * 25) + 1, 'A-C34567'),
(FLOOR(RAND() * 25) + 1, 'A-D45678'),
(FLOOR(RAND() * 25) + 1, 'A-E56789'),
(FLOOR(RAND() * 25) + 1, 'A-F67890'),
(FLOOR(RAND() * 25) + 1, 'A-G78901'),
(FLOOR(RAND() * 25) + 1, 'A-H89012'),
(FLOOR(RAND() * 25) + 1, 'A-I90123'),
(FLOOR(RAND() * 25) + 1, 'A-J01234'),
(FLOOR(RAND() * 25) + 1, 'A-K12345'),
(FLOOR(RAND() * 25) + 1, 'A-L23456'),
(FLOOR(RAND() * 25) + 1, 'A-M34567'),
(FLOOR(RAND() * 25) + 1, 'A-N45678'),
(FLOOR(RAND() * 25) + 1, 'A-O56789'),
(FLOOR(RAND() * 25) + 1, 'A-P67890'),
(FLOOR(RAND() * 25) + 1, 'A-Q78901'),
(FLOOR(RAND() * 25) + 1, 'A-R89012'),
(FLOOR(RAND() * 25) + 1, 'A-S90123'),
(FLOOR(RAND() * 25) + 1, 'A-T01234'),
(FLOOR(RAND() * 25) + 1, 'A-U12345'),
(FLOOR(RAND() * 25) + 1, 'A-V23456'),
(FLOOR(RAND() * 25) + 1, 'A-W34567'),
(FLOOR(RAND() * 25) + 1, 'A-X45678'),
(FLOOR(RAND() * 25) + 1, 'A-Y56789');

INSERT INTO inscripciones (alumnos_matricula, id_materia, fecha) VALUES
('A-A12345', FLOOR(RAND() * 25) + 1, '2019-05-15 08:30:00'),
('A-B23456', FLOOR(RAND() * 25) + 1, '2020-03-12 09:00:00'),
('A-C34567', FLOOR(RAND() * 25) + 1, '2021-02-25 14:15:00'),
('A-D45678', FLOOR(RAND() * 25) + 1, '2022-01-19 11:45:00'),
('A-E56789', FLOOR(RAND() * 25) + 1, '2023-04-10 16:30:00'),
('A-F67890', FLOOR(RAND() * 25) + 1, '2023-06-22 10:00:00'),
('A-G78901', FLOOR(RAND() * 25) + 1, '2022-07-18 13:30:00'),
('A-H89012', FLOOR(RAND() * 25) + 1, '2021-08-29 15:45:00'),
('A-I90123', FLOOR(RAND() * 25) + 1, '2020-09-14 08:00:00'),
('A-J01234', FLOOR(RAND() * 25) + 1, '2019-10-05 17:15:00'),
('A-K12345', FLOOR(RAND() * 25) + 1, '2021-11-11 12:30:00'),
('A-L23456', FLOOR(RAND() * 25) + 1, '2022-12-20 09:15:00'),
('A-M34567', FLOOR(RAND() * 25) + 1, '2023-03-03 14:00:00'),
('A-N45678', FLOOR(RAND() * 25) + 1, '2020-05-22 10:45:00'),
('A-O56789', FLOOR(RAND() * 25) + 1, '2021-06-30 11:00:00'),
('A-P67890', FLOOR(RAND() * 25) + 1, '2019-07-25 08:15:00'),
('A-Q78901', FLOOR(RAND() * 25) + 1, '2020-08-19 16:00:00'),
('A-R89012', FLOOR(RAND() * 25) + 1, '2021-09-21 14:30:00'),
('A-S90123', FLOOR(RAND() * 25) + 1, '2023-10-12 13:45:00'),
('A-T01234', FLOOR(RAND() * 25) + 1, '2022-11-15 17:00:00'),
('A-U12345', FLOOR(RAND() * 25) + 1, '2023-01-07 09:00:00'),
('A-V23456', FLOOR(RAND() * 25) + 1, '2019-02-14 15:15:00'),
('A-W34567', FLOOR(RAND() * 25) + 1, '2020-03-18 12:00:00'),
('A-X45678', FLOOR(RAND() * 25) + 1, '2022-04-25 10:30:00'),
('A-Y56789', FLOOR(RAND() * 25) + 1, '2021-06-10 11:45:00');
